id,name,family,email
1,Marianne,Billison,mbillison0@usda.gov
2,Beckie,Fussen,bfussen1@tripadvisor.com
3,Berta,Haddinton,bhaddinton2@businessinsider.com
4,Erminie,Northeast,enortheast3@livejournal.com
5,Myrwyn,Fahy,mfahy4@omniture.com
6,Xymenes,Tournie,xtournie5@admin.ch
7,Abbey,Giannasi,agiannasi6@google.de
8,Charisse,Antcliffe,cantcliffe7@nydailynews.com
9,Pepillo,Lammertz,plammertz8@bloomberg.com
10,Knox,Denniss,kdenniss9@comcast.net
11,Ber,Bohlin,bbohlina@webeden.co.uk
12,Maurise,Willisch,mwillischb@google.co.jp
13,Maisie,Gauld,mgauldc@usda.gov
14,Biron,Langtree,blangtreed@desdev.cn
15,Barb,Absolon,babsolone@nasa.gov
16,Lorens,Robjant,lrobjantf@ovh.net
17,Bobbee,Riggulsford,briggulsfordg@slashdot.org
18,Alia,Brunesco,abrunescoh@slate.com
19,Sigismond,Conneau,sconneaui@clickbank.net
20,Rand,Kurth,rkurthj@mozilla.com
21,Obed,Daudray,odaudrayk@geocities.jp
22,Damara,Musson,dmussonl@lulu.com
23,Leoline,Brobeck,lbrobeckm@ameblo.jp
24,Terence,Bruggen,tbruggenn@sina.com.cn
25,Jeana,Ghiroldi,jghiroldio@earthlink.net
26,Christophe,Wannes,cwannesp@vinaora.com
27,Isidor,Boribal,iboribalq@samsung.com
28,Frank,Knudsen,fknudsenr@constantcontact.com
29,Pace,Silbert,psilberts@reverbnation.com
30,Nickey,Bercher,nberchert@nsw.gov.au
31,Brian,Westby,bwestbyu@phpbb.com
32,Arthur,Hellsdon,ahellsdonv@spotify.com
33,Crosby,Bozward,cbozwardw@about.me
34,Ave,Crick,acrickx@msn.com
35,Faythe,Parcell,fparcelly@google.ru
36,Stephana,Daniell,sdaniellz@elegantthemes.com
37,Geordie,Reisenstein,greisenstein10@ebay.co.uk
38,Glyn,Cherrison,gcherrison11@unicef.org
39,Gordon,Goodreid,ggoodreid12@omniture.com
40,Melly,Joire,mjoire13@wired.com
41,Dyna,Danilchev,ddanilchev14@parallels.com
42,Ralph,Lobley,rlobley15@hp.com
43,Jeramie,Rand,jrand16@mapquest.com
44,Leeanne,Threadgold,lthreadgold17@go.com
45,Rubi,Gillani,rgillani18@dot.gov
46,Massimiliano,McTrustram,mmctrustram19@theguardian.com
47,Leopold,Roadnight,lroadnight1a@fda.gov
48,Gwenny,Costain,gcostain1b@oracle.com
49,Robenia,O'Dowgaine,rodowgaine1c@cbc.ca
50,Del,Barham,dbarham1d@ibm.com
51,Clovis,O' Sullivan,cosullivan1e@sitemeter.com
52,Kaye,Kantor,kkantor1f@narod.ru
53,Andreana,Whitton,awhitton1g@senate.gov
54,Frasco,Westberg,fwestberg1h@ifeng.com
55,Lexie,Sowerbutts,lsowerbutts1i@answers.com
56,Estella,Aireton,eaireton1j@google.fr
57,Minnaminnie,Steade,msteade1k@pen.io
58,Reeta,Overell,roverell1l@cafepress.com
59,Bekki,Rewan,brewan1m@economist.com
60,Terri,Krysztofowicz,tkrysztofowicz1n@studiopress.com
61,Arney,Berford,aberford1o@nbcnews.com
62,Brucie,Ickovic,bickovic1p@dell.com
63,Roby,Fesby,rfesby1q@google.co.uk
64,Cilka,Blevin,cblevin1r@issuu.com
65,Winslow,Bellson,wbellson1s@over-blog.com
66,Torey,Cobello,tcobello1t@bigcartel.com
67,Justis,Kissell,jkissell1u@harvard.edu
68,Evanne,Toland,etoland1v@cdbaby.com
69,Sheeree,Murden,smurden1w@acquirethisname.com
70,Emmalyn,Speakman,espeakman1x@prlog.org
71,Adrea,Penhall,apenhall1y@go.com
72,Petronille,O Mullen,pomullen1z@utexas.edu
73,Bo,MacNeely,bmacneely20@answers.com
74,Lilas,Melsom,lmelsom21@privacy.gov.au
75,Fred,Blampied,fblampied22@mozilla.org
76,Michel,Eckley,meckley23@vistaprint.com
77,Betsy,Carlone,bcarlone24@ezinearticles.com
78,Dasya,Tolliday,dtolliday25@4shared.com
79,Cleveland,Goodlake,cgoodlake26@webmd.com
80,Jacquie,Booth,jbooth27@virginia.edu
81,Sansone,Coat,scoat28@51.la
82,Carina,Brettle,cbrettle29@fc2.com
83,Elora,Robak,erobak2a@icq.com
84,Conway,Blueman,cblueman2b@biblegateway.com
85,Rosemonde,Thombleson,rthombleson2c@360.cn
86,Cornela,Ellens,cellens2d@tumblr.com
87,Delmar,Quadrio,dquadrio2e@si.edu
88,Alyson,Anneslie,aanneslie2f@booking.com
89,Fredrick,Planque,fplanque2g@nba.com
90,Joellyn,Barensky,jbarensky2h@mashable.com
91,Madlen,Conochie,mconochie2i@digg.com
92,Rubie,Asche,rasche2j@marriott.com
93,Kayne,Booley,kbooley2k@mediafire.com
94,Shelly,Snary,ssnary2l@fda.gov
95,Nealson,Cornejo,ncornejo2m@taobao.com
96,Taddeo,Woosnam,twoosnam2n@yahoo.com
97,Caty,Warden,cwarden2o@biglobe.ne.jp
98,Courtnay,Maron,cmaron2p@umich.edu
99,Ira,McBrearty,imcbrearty2q@narod.ru
100,Lionel,MacKellen,lmackellen2r@pen.io
101,Angele,Thomton,athomton2s@marketwatch.com
102,Charlot,Furby,cfurby2t@angelfire.com
103,Ulick,Dunstall,udunstall2u@digg.com
104,Lani,Fisbey,lfisbey2v@webs.com
105,Brade,Strapp,bstrapp2w@patch.com
106,Merwyn,Sebastian,msebastian2x@xrea.com
107,Cynde,Bonevant,cbonevant2y@marketwatch.com
108,Jerrome,Tempest,jtempest2z@nhs.uk
109,Anders,Marflitt,amarflitt30@washingtonpost.com
110,Rossy,Kingswood,rkingswood31@slideshare.net
111,Sileas,Jolly,sjolly32@about.me
112,Elonore,Dufore,edufore33@wikispaces.com
113,Lynnea,Jindacek,ljindacek34@behance.net
114,James,Heart,jheart35@is.gd
115,Phelia,Gately,pgately36@google.ca
116,Laurice,Kiessel,lkiessel37@github.io
117,Hobie,Shotboulte,hshotboulte38@japanpost.jp
118,Henderson,Bartelet,hbartelet39@state.gov
119,Brocky,Lobley,blobley3a@usatoday.com
120,Meg,Kensit,mkensit3b@ox.ac.uk
121,Catriona,Vaneschi,cvaneschi3c@usda.gov
122,Anselma,Michin,amichin3d@umich.edu
123,Markus,Ianelli,mianelli3e@ed.gov
124,Jerome,Giottini,jgiottini3f@dmoz.org
125,Tiphani,Lobell,tlobell3g@pen.io
126,Janeva,Davidescu,jdavidescu3h@smh.com.au
127,Ruthy,Gravenor,rgravenor3i@gnu.org
128,Deana,Cullrford,dcullrford3j@boston.com
129,Hort,Lowde,hlowde3k@mozilla.org
130,Larine,Curteis,lcurteis3l@soup.io
131,Amargo,Marfell,amarfell3m@ebay.com
132,Mikaela,Kornousek,mkornousek3n@friendfeed.com
133,Brice,Millier,bmillier3o@bravesites.com
134,Lionello,Myner,lmyner3p@archive.org
135,Dunn,Crayker,dcrayker3q@bluehost.com
136,Cameron,Crayton,ccrayton3r@state.gov
137,Aguistin,Ascraft,aascraft3s@digg.com
138,Coralie,Alfonso,calfonso3t@xinhuanet.com
139,Esmeralda,Sinott,esinott3u@google.es
140,Dora,Whyteman,dwhyteman3v@vistaprint.com
141,Irving,Sandy,isandy3w@joomla.org
142,Margalo,Rosevear,mrosevear3x@behance.net
143,Charmian,Gietz,cgietz3y@xing.com
144,Tonnie,Clows,tclows3z@webnode.com
145,Alwyn,Hayler,ahayler40@chicagotribune.com
146,Parry,MacNeilage,pmacneilage41@google.it
147,Marnia,Summerley,msummerley42@creativecommons.org
148,Buiron,Delooze,bdelooze43@weebly.com
149,Berti,Cocks,bcocks44@amazonaws.com
150,Olivier,Cluely,ocluely45@skyrock.com
151,Andree,Scafe,ascafe46@chron.com
152,Jorie,Mackin,jmackin47@myspace.com
153,Alyse,de Najera,adenajera48@mozilla.org
154,Wendie,Champniss,wchampniss49@cornell.edu
155,Laryssa,Galler,lgaller4a@zimbio.com
156,Darya,Veschambre,dveschambre4b@sun.com
157,Ferd,Kearley,fkearley4c@printfriendly.com
158,Marguerite,Lorens,mlorens4d@go.com
159,Dario,Daniel,ddaniel4e@slashdot.org
160,Andeee,Welsby,awelsby4f@webmd.com
161,Heida,Brothwell,hbrothwell4g@ow.ly
162,Dex,Chesterton,dchesterton4h@phpbb.com
163,Clemmie,Cronkshaw,ccronkshaw4i@jalbum.net
164,Evelina,Matyushkin,ematyushkin4j@slideshare.net
165,Angela,Cardall,acardall4k@technorati.com
166,Ethelda,Elacoate,eelacoate4l@cnbc.com
167,Gates,Seilmann,gseilmann4m@domainmarket.com
168,Rochester,Skeermor,rskeermor4n@artisteer.com
169,Marlo,Tegeller,mtegeller4o@taobao.com
170,Clarette,Duckhouse,cduckhouse4p@cnbc.com
171,Damaris,Vaskov,dvaskov4q@addthis.com
172,Erastus,Slay,eslay4r@google.pl
173,Noak,Greenrde,ngreenrde4s@vistaprint.com
174,Damara,Clynman,dclynman4t@hatena.ne.jp
175,Federico,Davis,fdavis4u@army.mil
176,Blaine,Honniebal,bhonniebal4v@sina.com.cn
177,Cookie,Moffett,cmoffett4w@amazon.de
178,Rheta,Churchlow,rchurchlow4x@cisco.com
179,Jo ann,Luna,jluna4y@ycombinator.com
180,Irita,Gorvin,igorvin4z@cnn.com
181,Tom,Slate,tslate50@flickr.com
182,Andee,Boote,aboote51@lycos.com
183,Dwight,Scapens,dscapens52@delicious.com
184,Anita,Dolby,adolby53@latimes.com
185,Konstantine,Askem,kaskem54@newyorker.com
186,Carroll,Muggach,cmuggach55@gravatar.com
187,Nappie,Clymo,nclymo56@telegraph.co.uk
188,Hilliary,Hakking,hhakking57@reddit.com
189,Monah,Rowlson,mrowlson58@google.com
190,Katalin,Arno,karno59@vinaora.com
191,Thelma,Weafer,tweafer5a@ovh.net
192,Mayne,Leggett,mleggett5b@w3.org
193,Tarah,Corkett,tcorkett5c@ovh.net
194,Lesya,Roggeman,lroggeman5d@google.com
195,Tannie,MacTavish,tmactavish5e@seesaa.net
196,Calv,Bollini,cbollini5f@goo.gl
197,Gladi,Klosterman,gklosterman5g@twitter.com
198,Arie,Worssam,aworssam5h@msn.com
199,Allegra,Skim,askim5i@cloudflare.com
200,Randene,Barrack,rbarrack5j@tripadvisor.com
201,Olimpia,Haugh,ohaugh5k@sciencedirect.com
202,Carley,Cello,ccello5l@pbs.org
203,Merla,McQuillen,mmcquillen5m@latimes.com
204,Sheilakathryn,Troy,stroy5n@howstuffworks.com
205,Zechariah,Oventon,zoventon5o@creativecommons.org
206,Leonidas,Aloshikin,laloshikin5p@homestead.com
207,Jilleen,Ianni,jianni5q@drupal.org
208,Christa,Tash,ctash5r@altervista.org
209,Charity,Bogie,cbogie5s@hatena.ne.jp
210,Cosette,Grenfell,cgrenfell5t@noaa.gov
211,Ashbey,M'Quharge,amquharge5u@phpbb.com
212,Sophronia,Sprigin,ssprigin5v@google.com.br
213,Duffy,Stove,dstove5w@webs.com
214,Dido,Dandie,ddandie5x@domainmarket.com
215,Joaquin,Bortolazzi,jbortolazzi5y@jalbum.net
216,Addy,Beakes,abeakes5z@uol.com.br
217,Jo,Beel,jbeel60@constantcontact.com
218,Ola,Meads,omeads61@4shared.com
219,Jerome,Cardon,jcardon62@ft.com
220,Lou,Portress,lportress63@mac.com
221,Alena,Sarginson,asarginson64@time.com
222,Lucy,Govan,lgovan65@behance.net
223,Nell,Cooley,ncooley66@cdbaby.com
224,Carline,Friett,cfriett67@comcast.net
225,Poppy,Kretchmer,pkretchmer68@blogger.com
226,Hobie,Schubert,hschubert69@google.cn
227,Jacques,Carik,jcarik6a@odnoklassniki.ru
228,Scot,Liptrot,sliptrot6b@ed.gov
229,Sharyl,Daout,sdaout6c@fc2.com
230,Alard,Barkaway,abarkaway6d@addthis.com
231,Dorry,Garbutt,dgarbutt6e@wordpress.org
232,Ginger,Sparkwill,gsparkwill6f@printfriendly.com
233,Staford,Winthrop,swinthrop6g@jugem.jp
234,Nessa,Giovannetti,ngiovannetti6h@usnews.com
235,Hussein,Parrington,hparrington6i@amazonaws.com
236,Gill,Nias,gnias6j@marriott.com
237,Yorgo,MacKeig,ymackeig6k@vinaora.com
238,Tully,Haggett,thaggett6l@ed.gov
239,Maddie,Ives,mives6m@last.fm
240,Ramonda,Mays,rmays6n@ibm.com
241,Addy,Curr,acurr6o@reddit.com
242,Clark,Kermath,ckermath6p@sun.com
243,Lanie,Martine,lmartine6q@theatlantic.com
244,Babb,Fawloe,bfawloe6r@prweb.com
245,Harlene,Sollitt,hsollitt6s@storify.com
246,Douglass,Kmicicki,dkmicicki6t@deviantart.com
247,Ingelbert,Bavidge,ibavidge6u@google.co.jp
248,Donovan,Astling,dastling6v@zdnet.com
249,Cyrill,Dayer,cdayer6w@dmoz.org
250,Karry,de Castelain,kdecastelain6x@apple.com
251,Abbi,Gentiry,agentiry6y@xrea.com
252,Kalila,Cheale,kcheale6z@xrea.com
253,Lewiss,Havvock,lhavvock70@webnode.com
254,Lauren,Haslam,lhaslam71@webs.com
255,Alissa,Galle,agalle72@bing.com
256,Hilary,Skunes,hskunes73@elegantthemes.com
257,Romeo,Franzonetti,rfranzonetti74@newyorker.com
258,Verne,Fearnsides,vfearnsides75@a8.net
259,Colette,O'Donnell,codonnell76@va.gov
260,Matthiew,Sieghard,msieghard77@purevolume.com
261,Juana,Errett,jerrett78@ucsd.edu
262,Minni,Allain,mallain79@w3.org
263,Neely,Dalgliesh,ndalgliesh7a@rambler.ru
264,Luther,Toope,ltoope7b@facebook.com
265,Tuesday,Chaster,tchaster7c@i2i.jp
266,Oates,Pindar,opindar7d@last.fm
267,Louisette,Durrell,ldurrell7e@privacy.gov.au
268,Alvira,Bywaters,abywaters7f@blogtalkradio.com
269,Brian,Sloley,bsloley7g@princeton.edu
270,Blythe,Kippie,bkippie7h@aol.com
271,Colver,MacGarrity,cmacgarrity7i@tripod.com
272,Cindelyn,Frangione,cfrangione7j@guardian.co.uk
273,Noland,Mirams,nmirams7k@abc.net.au
274,Bertrando,Phillpotts,bphillpotts7l@dagondesign.com
275,Vasilis,Dacke,vdacke7m@netscape.com
276,Regan,Lanchester,rlanchester7n@usa.gov
277,Frasier,Vaun,fvaun7o@pen.io
278,Lorine,Scrogges,lscrogges7p@google.com.hk
279,Ettore,Coveney,ecoveney7q@msn.com
280,Rena,Northcote,rnorthcote7r@wordpress.com
281,Angel,Legh,alegh7s@noaa.gov
282,Marcelline,Merrell,mmerrell7t@tripod.com
283,Christabella,Vaneschi,cvaneschi7u@prlog.org
284,Hi,Lorrimer,hlorrimer7v@wikimedia.org
285,Hurley,Dalrymple,hdalrymple7w@amazon.co.uk
286,Jory,Radenhurst,jradenhurst7x@i2i.jp
287,Morgen,Toma,mtoma7y@addthis.com
288,Chastity,von Hagt,cvonhagt7z@soup.io
289,Karney,O'Fogarty,kofogarty80@salon.com
290,Brittany,Harston,bharston81@pagesperso-orange.fr
291,Betsey,Beagin,bbeagin82@wikia.com
292,Merna,Voaden,mvoaden83@theguardian.com
293,Phyllys,Brittoner,pbrittoner84@newyorker.com
294,Jamey,Hanne,jhanne85@sfgate.com
295,Padraic,Januszewicz,pjanuszewicz86@photobucket.com
296,Rowen,Sweatman,rsweatman87@creativecommons.org
297,Pepillo,Cargen,pcargen88@businessinsider.com
298,Ellene,Reast,ereast89@bing.com
299,Louisa,Keep,lkeep8a@dailymotion.com
300,Addi,Molfino,amolfino8b@soundcloud.com
301,Deva,Colby,dcolby8c@squidoo.com
302,Charlena,Dearing,cdearing8d@plala.or.jp
303,Alexa,Alchin,aalchin8e@statcounter.com
304,Sheena,Hedin,shedin8f@live.com
305,Arliene,Liveing,aliveing8g@slideshare.net
306,Gerti,Osgodby,gosgodby8h@sakura.ne.jp
307,Dario,Edmed,dedmed8i@storify.com
308,Nerte,Hammatt,nhammatt8j@berkeley.edu
309,Kissee,Hazeman,khazeman8k@uiuc.edu
310,Phyllis,Haskett,phaskett8l@intel.com
311,Garrard,Castanyer,gcastanyer8m@telegraph.co.uk
312,Michael,Baumert,mbaumert8n@mapquest.com
313,Artur,McGahy,amcgahy8o@comsenz.com
314,Phylis,Chartre,pchartre8p@hexun.com
315,Alica,Frayne,afrayne8q@shop-pro.jp
316,Orton,Dennick,odennick8r@mlb.com
317,Kellen,Hellings,khellings8s@histats.com
318,Denyse,Lothlorien,dlothlorien8t@marketwatch.com
319,Chico,Lancaster,clancaster8u@nationalgeographic.com
320,Sallee,Hargreves,shargreves8v@cargocollective.com
321,Lindsey,Dykas,ldykas8w@squidoo.com
322,Kristos,Favela,kfavela8x@cisco.com
323,Lyman,Livingston,llivingston8y@drupal.org
324,Mufi,Trowsdall,mtrowsdall8z@cisco.com
325,Marrissa,Lumsdaine,mlumsdaine90@imageshack.us
326,Christina,Jeram,cjeram91@blogspot.com
327,Maiga,Downage,mdownage92@blogger.com
328,Arlina,Iffland,aiffland93@ovh.net
329,Rori,Mocher,rmocher94@ucoz.com
330,Gabriello,Trenbay,gtrenbay95@bloglines.com
331,Cointon,Stanier,cstanier96@bbc.co.uk
332,Wain,Piddlesden,wpiddlesden97@soup.io
333,Adrian,Earngy,aearngy98@technorati.com
334,Amalia,Caurah,acaurah99@constantcontact.com
335,Lilith,Mellmer,lmellmer9a@theatlantic.com
336,Johannes,Corzor,jcorzor9b@stanford.edu
337,Teri,Rait,trait9c@omniture.com
338,Donelle,Dickenson,ddickenson9d@google.es
339,Diahann,Faro,dfaro9e@chicagotribune.com
340,Shanna,Grunnill,sgrunnill9f@chron.com
341,Ethelda,Dickerline,edickerline9g@blogspot.com
342,Mollie,Sheen,msheen9h@sphinn.com
343,Trevor,Walshe,twalshe9i@360.cn
344,Marillin,Bussetti,mbussetti9j@wordpress.com
345,Enos,Loins,eloins9k@yelp.com
346,Bax,Phillot,bphillot9l@yolasite.com
347,Hartwell,D'Cruze,hdcruze9m@omniture.com
348,Randell,Colbourn,rcolbourn9n@usatoday.com
349,Cchaddie,Whight,cwhight9o@ifeng.com
350,Estell,Jakaway,ejakaway9p@gnu.org
351,Frederick,Papen,fpapen9q@sitemeter.com
352,Sylvan,Petrichat,spetrichat9r@ft.com
353,Crissie,Dugald,cdugald9s@elegantthemes.com
354,Ash,Beakes,abeakes9t@webmd.com
355,Xenia,Robottom,xrobottom9u@ocn.ne.jp
356,Kacey,Haddleton,khaddleton9v@wsj.com
357,Constantina,Buckbee,cbuckbee9w@rediff.com
358,Randa,Honywill,rhonywill9x@youku.com
359,Randal,Strettell,rstrettell9y@printfriendly.com
360,Jacenta,Clewer,jclewer9z@php.net
361,Isac,D'eye,ideyea0@shareasale.com
362,Lyda,Alcide,lalcidea1@seesaa.net
363,Lisabeth,Arnholz,larnholza2@apple.com
364,Daisey,Bilston,dbilstona3@wikimedia.org
365,Fara,Du Plantier,fduplantiera4@craigslist.org
366,Emmye,Sillars,esillarsa5@ftc.gov
367,Dion,De Fraine,ddefrainea6@pinterest.com
368,Lev,Coplestone,lcoplestonea7@zdnet.com
369,Annaliese,Navarijo,anavarijoa8@mysql.com
370,Calvin,Bails,cbailsa9@blogger.com
371,Chalmers,Clemence,cclemenceaa@comcast.net
372,Aldridge,Binham,abinhamab@vinaora.com
373,Richart,Djurevic,rdjurevicac@unblog.fr
374,Candida,MacKessock,cmackessockad@google.ca
375,Devonne,Walford,dwalfordae@ft.com
376,Antonia,Fesby,afesbyaf@goo.ne.jp
377,Michaella,Pack,mpackag@hubpages.com
378,Heida,Claussen,hclaussenah@amazon.de
379,Karla,Crab,kcrabai@i2i.jp
380,Florence,Frisby,ffrisbyaj@phoca.cz
381,Chet,Kalker,ckalkerak@unicef.org
382,Herve,Castell,hcastellal@vinaora.com
383,Fielding,Thorndycraft,fthorndycraftam@google.es
384,Pietrek,Randlesome,prandlesomean@canalblog.com
385,Kathryne,Wannell,kwannellao@archive.org
386,Garnet,Hawkey,ghawkeyap@cbc.ca
387,Gabbie,Roffey,groffeyaq@marriott.com
388,Titus,Dalyell,tdalyellar@state.gov
389,Broderic,Eakins,beakinsas@feedburner.com
390,Dorelia,Georgi,dgeorgiat@reddit.com
391,Flo,Muttock,fmuttockau@homestead.com
392,Estrella,Skydall,eskydallav@jalbum.net
393,Gibb,Ratley,gratleyaw@nymag.com
394,Cinda,Gammack,cgammackax@bbc.co.uk
395,Charita,Robker,crobkeray@ycombinator.com
396,Fawne,Dundredge,fdundredgeaz@zdnet.com
397,Ainsley,Taggert,ataggertb0@4shared.com
398,Gunter,Fullegar,gfullegarb1@hhs.gov
399,Morgen,Haresign,mharesignb2@google.com.au
400,Andrey,Ciobutaru,aciobutarub3@ucla.edu
401,Even,Witts,ewittsb4@4shared.com
402,Hatti,Pane,hpaneb5@devhub.com
403,Noll,Dimberline,ndimberlineb6@uol.com.br
404,Anjela,Offiler,aoffilerb7@fc2.com
405,Marina,Nutt,mnuttb8@yahoo.co.jp
406,Gilemette,Hearon,ghearonb9@reddit.com
407,Fara,Leyman,fleymanba@live.com
408,Leah,Swigg,lswiggbb@ezinearticles.com
409,Dugald,Binny,dbinnybc@icio.us
410,Solly,Pirson,spirsonbd@i2i.jp
411,Tomas,Overill,toverillbe@storify.com
412,Kimmy,Playfair,kplayfairbf@netvibes.com
413,Venus,Kobke,vkobkebg@bloomberg.com
414,Stinky,Sturm,ssturmbh@guardian.co.uk
415,Louisa,Chaperlin,lchaperlinbi@comcast.net
416,Aurora,Szantho,aszanthobj@china.com.cn
417,Maressa,Meiklam,mmeiklambk@tripadvisor.com
418,Aldridge,Stovine,astovinebl@time.com
419,Averell,Durant,adurantbm@multiply.com
420,Waly,Emnoney,wemnoneybn@github.com
421,Bail,Milan,bmilanbo@arizona.edu
422,Tonia,Paur,tpaurbp@rediff.com
423,Mikey,Hutcheons,mhutcheonsbq@unblog.fr
424,Brander,Lafrentz,blafrentzbr@qq.com
425,Justen,Lyon,jlyonbs@360.cn
426,Dennet,Toseland,dtoselandbt@unblog.fr
427,Emery,Dobrowlski,edobrowlskibu@istockphoto.com
428,Truda,Gionettitti,tgionettittibv@github.io
429,Sergio,Chazelas,schazelasbw@unicef.org
430,Dominica,Cursons,dcursonsbx@posterous.com
431,Corbett,Cathrall,ccathrallby@ifeng.com
432,Rolph,Stucke,rstuckebz@springer.com
433,Harriot,Romagnosi,hromagnosic0@google.es
434,Darda,Cawt,dcawtc1@issuu.com
435,Wendeline,McLeoid,wmcleoidc2@cnbc.com
436,Merrili,Gofforth,mgofforthc3@ocn.ne.jp
437,Tammara,Emma,temmac4@howstuffworks.com
438,Ilka,Abrahmson,iabrahmsonc5@wisc.edu
439,Stacie,Seiller,sseillerc6@themeforest.net
440,Zandra,Honeyghan,zhoneyghanc7@shinystat.com
441,Kaye,Tregien,ktregienc8@google.co.uk
442,Ethelred,Brosetti,ebrosettic9@examiner.com
443,Marchall,Lilleycrop,mlilleycropca@de.vu
444,Michele,Geockle,mgeocklecb@timesonline.co.uk
445,Sybille,Cast,scastcc@sciencedaily.com
446,Guglielma,Bowsher,gbowshercd@discuz.net
447,Grete,Rominov,grominovce@github.com
448,Frazer,Walstow,fwalstowcf@over-blog.com
449,Georg,Withinshaw,gwithinshawcg@wired.com
450,Frants,Smithend,fsmithendch@narod.ru
451,Kizzie,Swindells,kswindellsci@ovh.net
452,Duky,Verralls,dverrallscj@elegantthemes.com
453,Demetris,Chasles,dchaslesck@prnewswire.com
454,Rog,Tukely,rtukelycl@seattletimes.com
455,Mariejeanne,Pigdon,mpigdoncm@twitter.com
456,Celle,Donald,cdonaldcn@fc2.com
457,Ulrica,Chung,uchungco@senate.gov
458,Skippy,Tithacott,stithacottcp@accuweather.com
459,Ann-marie,Andress,aandresscq@posterous.com
460,Cory,Hargey,chargeycr@cyberchimps.com
461,Umberto,Hogben,uhogbencs@kickstarter.com
462,Gabriela,Perryman,gperrymanct@elegantthemes.com
463,Clio,Ledram,cledramcu@smh.com.au
464,Monro,Best,mbestcv@creativecommons.org
465,Catherin,Lorens,clorenscw@symantec.com
466,Eula,Lyptrade,elyptradecx@unc.edu
467,Hasty,Turville,hturvillecy@photobucket.com
468,Leisha,Caltera,lcalteracz@vimeo.com
469,Ev,Mc Ilwrick,emcilwrickd0@oakley.com
470,Elizabet,Tettersell,etetterselld1@narod.ru
471,Christiano,Wraight,cwraightd2@wunderground.com
472,Lottie,Goare,lgoared3@wp.com
473,Julieta,Baselli,jbasellid4@stanford.edu
474,Nehemiah,Poker,npokerd5@amazon.com
475,Pietra,Leale,plealed6@senate.gov
476,Wallas,Bearham,wbearhamd7@nhs.uk
477,Korella,Richardson,krichardsond8@nature.com
478,Cullan,Beazleigh,cbeazleighd9@squarespace.com
479,Robena,McMahon,rmcmahonda@ucsd.edu
480,Nanon,Chamberlaine,nchamberlainedb@princeton.edu
481,Susanetta,Lerwill,slerwilldc@ucoz.ru
482,Jackquelin,Orfeur,jorfeurdd@ezinearticles.com
483,Burch,MacGauhy,bmacgauhyde@omniture.com
484,Reggi,Trengrouse,rtrengrousedf@odnoklassniki.ru
485,Grayce,Musgrove,gmusgrovedg@shutterfly.com
486,Ally,Vivien,aviviendh@amazonaws.com
487,Carolyn,Milne,cmilnedi@livejournal.com
488,Nicoline,Southworth,nsouthworthdj@ftc.gov
489,Deidre,Farmar,dfarmardk@nymag.com
490,Tove,Muspratt,tmusprattdl@t-online.de
491,Ardis,Thackeray,athackeraydm@yolasite.com
492,Mel,Keyzman,mkeyzmandn@indiatimes.com
493,Sibel,Sollime,ssollimedo@youtube.com
494,Breanne,Witherbed,bwitherbeddp@php.net
495,Clarette,Panyer,cpanyerdq@feedburner.com
496,Kip,Eslie,kesliedr@slideshare.net
497,Lanie,Pinkie,lpinkieds@i2i.jp
498,Neil,Snoxell,nsnoxelldt@sohu.com
499,Brigid,Skipsea,bskipseadu@uiuc.edu
500,Aile,Koch,akochdv@a8.net
501,Hale,Alvy,halvydw@163.com
502,Janith,Fleetwood,jfleetwooddx@ocn.ne.jp
503,Ilyssa,Ryan,iryandy@myspace.com
504,Tiffie,Crampsey,tcrampseydz@163.com
505,Flo,Mathevet,fmathevete0@answers.com
506,Packston,Madigan,pmadigane1@cbslocal.com
507,Flinn,Hender,fhendere2@joomla.org
508,Linc,Yegorkin,lyegorkine3@twitpic.com
509,Kalindi,Fancy,kfancye4@wunderground.com
510,Sherilyn,Steere,ssteeree5@xinhuanet.com
511,Wit,Comi,wcomie6@livejournal.com
512,Kari,Wadlow,kwadlowe7@usa.gov
513,Far,Chasson,fchassone8@rediff.com
514,Babb,Prosh,bproshe9@cbslocal.com
515,Tobe,Heino,theinoea@nba.com
516,Lanae,Wandrack,lwandrackeb@theglobeandmail.com
517,Courtenay,Dilon,cdilonec@about.me
518,Rosalynd,Bannerman,rbannermaned@last.fm
519,Antonin,Lob,alobee@discuz.net
520,Marv,Markus,mmarkusef@weather.com
521,Mahmoud,Greatreax,mgreatreaxeg@dailymail.co.uk
522,Valida,Ody,vodyeh@youtube.com
523,Marylynne,Fownes,mfownesei@skyrock.com
524,Abdul,Stranio,astranioej@cbslocal.com
525,Fielding,Gumary,fgumaryek@themeforest.net
526,Nadeen,Buffham,nbuffhamel@nytimes.com
527,Charis,Skirlin,cskirlinem@twitpic.com
528,Lillis,Verbeek,lverbeeken@t.co
529,Gilemette,Tallman,gtallmaneo@amazon.de
530,Laird,Rebillard,lrebillardep@scientificamerican.com
531,Brunhilda,Perrin,bperrineq@vkontakte.ru
532,Rooney,Kinnock,rkinnocker@paginegialle.it
533,Milt,Finlan,mfinlanes@ocn.ne.jp
534,Scott,Le Brum,slebrumet@un.org
535,Alastair,Busain,abusaineu@washington.edu
536,Binnie,Rosten,brostenev@360.cn
537,Tamara,Spellissy,tspellissyew@discovery.com
538,Kayley,Dahmke,kdahmkeex@slideshare.net
539,Adel,MacCulloch,amaccullochey@google.de
540,Adriaens,Georgi,ageorgiez@usnews.com
541,Egan,Ferrino,eferrinof0@sbwire.com
542,Rheba,Grassot,rgrassotf1@cocolog-nifty.com
543,Fonzie,Aymeric,faymericf2@moonfruit.com
544,Gretna,Bruton,gbrutonf3@bigcartel.com
545,Lotti,Pepper,lpepperf4@hud.gov
546,Donny,Kopke,dkopkef5@plala.or.jp
547,Carmelita,Shalloo,cshalloof6@ask.com
548,Brucie,Peachman,bpeachmanf7@skype.com
549,Hervey,Mowsdell,hmowsdellf8@google.co.uk
550,Minda,Orr,morrf9@theguardian.com
551,Sherlocke,Wattingham,swattinghamfa@china.com.cn
552,Aigneis,Vasyagin,avasyaginfb@comcast.net
553,Sapphira,Beckwith,sbeckwithfc@umn.edu
554,Eloisa,Volcker,evolckerfd@instagram.com
555,Dael,Girodin,dgirodinfe@oakley.com
556,Alden,Richfield,arichfieldff@mlb.com
557,Annalise,Marsland,amarslandfg@gravatar.com
558,Marijn,Frostdick,mfrostdickfh@boston.com
559,Fania,Gateman,fgatemanfi@usa.gov
560,Natalie,MacColgan,nmaccolganfj@nymag.com
561,Evangelina,Connell,econnellfk@noaa.gov
562,Cal,Whitwham,cwhitwhamfl@apache.org
563,Ingemar,Beernt,ibeerntfm@sfgate.com
564,Rafferty,Shower,rshowerfn@ed.gov
565,Erena,Gornal,egornalfo@alibaba.com
566,Byrom,Tomlett,btomlettfp@bloglovin.com
567,Dorie,Brisseau,dbrisseaufq@yelp.com
568,Dion,Luttgert,dluttgertfr@oaic.gov.au
569,Breanne,Causey,bcauseyfs@columbia.edu
570,Abbie,Mettetal,amettetalft@etsy.com
571,Margit,Deeming,mdeemingfu@epa.gov
572,Hunt,Escoffier,hescoffierfv@mozilla.com
573,Sean,Windeatt,swindeattfw@forbes.com
574,Emili,Rodson,erodsonfx@macromedia.com
575,Krissie,Blick,kblickfy@multiply.com
576,Virgie,Cheyney,vcheyneyfz@berkeley.edu
577,Traci,Bench,tbenchg0@about.com
578,Emelia,O'Hederscoll,eohederscollg1@is.gd
579,Ingar,Malt,imaltg2@wordpress.com
580,Isabel,Stainer,istainerg3@cnn.com
581,Mariann,Richardet,mrichardetg4@simplemachines.org
582,Jaime,Mordanti,jmordantig5@state.gov
583,Ezekiel,Jaquemar,ejaquemarg6@omniture.com
584,Markus,Force,mforceg7@telegraph.co.uk
585,Pennie,Scintsbury,pscintsburyg8@redcross.org
586,Marys,Pimblott,mpimblottg9@gmpg.org
587,Denni,Crabb,dcrabbga@uol.com.br
588,Mickie,Ramberg,mramberggb@examiner.com
589,Alisha,Selwyn,aselwyngc@foxnews.com
590,Cecilio,Izac,cizacgd@issuu.com
591,Marlow,Ipsgrave,mipsgravege@nasa.gov
592,Catharina,Ingle,cinglegf@chron.com
593,Ilario,Miettinen,imiettinengg@salon.com
594,Jobyna,Irons,jironsgh@plala.or.jp
595,Read,Stolting,rstoltinggi@privacy.gov.au
596,Fairleigh,Worsfield,fworsfieldgj@skype.com
597,Guillemette,Adriaan,gadriaangk@salon.com
598,Gabrila,Adel,gadelgl@reverbnation.com
599,Cal,Jaycox,cjaycoxgm@cmu.edu
600,Maxwell,Saice,msaicegn@yellowpages.com
601,Carlyle,Prescot,cprescotgo@mac.com
602,Heidi,Bulcock,hbulcockgp@archive.org
603,Fonzie,Yallowley,fyallowleygq@biglobe.ne.jp
604,Karie,Mattaser,kmattasergr@friendfeed.com
605,Kent,McFadzean,kmcfadzeangs@oracle.com
606,Ignaz,Demangeon,idemangeongt@spiegel.de
607,Parry,Varnham,pvarnhamgu@ebay.com
608,Gav,Duddell,gduddellgv@hibu.com
609,Dareen,Reiach,dreiachgw@unblog.fr
610,Anatollo,Readings,areadingsgx@webnode.com
611,Florentia,McArd,fmcardgy@walmart.com
612,Florencia,Blackwood,fblackwoodgz@newyorker.com
613,Reynold,Plumstead,rplumsteadh0@wordpress.com
614,Marnia,Fergusson,mfergussonh1@virginia.edu
615,Eleonore,Sant,esanth2@skype.com
616,Lionello,Mulvy,lmulvyh3@weebly.com
617,Adora,Giannazzo,agiannazzoh4@ca.gov
618,Delaney,Fibbitts,dfibbittsh5@indiatimes.com
619,Eadie,Agney,eagneyh6@sphinn.com
620,Berty,Yirrell,byirrellh7@last.fm
621,Sammy,Koppens,skoppensh8@go.com
622,Ermanno,Witherden,ewitherdenh9@edublogs.org
623,Jocko,Cosin,jcosinha@cafepress.com
624,Dame,Gasking,dgaskinghb@prweb.com
625,Merralee,Ellul,mellulhc@gravatar.com
626,Davin,Sodor,dsodorhd@google.ca
627,Lezley,McTavy,lmctavyhe@scientificamerican.com
628,Wilhelmine,Kerswell,wkerswellhf@wordpress.com
629,Mufi,Wooles,mwooleshg@state.tx.us
630,Ody,Pavlovic,opavlovichh@dailymotion.com
631,Bard,Kondrat,bkondrathi@squidoo.com
632,Walden,Bradbrook,wbradbrookhj@discovery.com
633,Cross,Tommasi,ctommasihk@google.com.br
634,Dom,Croft,dcrofthl@forbes.com
635,Silvain,Uttermare,suttermarehm@comsenz.com
636,Town,Smalcombe,tsmalcombehn@feedburner.com
637,Marketa,Geockle,mgeockleho@techcrunch.com
638,Jaymee,Clark,jclarkhp@google.fr
639,Kris,Gotter,kgotterhq@nature.com
640,Caritta,Rihanek,crihanekhr@g.co
641,Carter,Lean,cleanhs@barnesandnoble.com
642,Carita,Larder,clarderht@oracle.com
643,Worth,Girkin,wgirkinhu@webeden.co.uk
644,Marne,Bloxsum,mbloxsumhv@adobe.com
645,Ronald,Beattie,rbeattiehw@google.ru
646,Nanci,Rockcliffe,nrockcliffehx@trellian.com
647,Willie,Ciotti,wciottihy@indiegogo.com
648,Tabbie,Grayson,tgraysonhz@washington.edu
649,Ralph,Scurfield,rscurfieldi0@g.co
650,Elaine,Coundley,ecoundleyi1@washingtonpost.com
651,Shell,Breslin,sbreslini2@xrea.com
652,Andromache,Dorwood,adorwoodi3@elegantthemes.com
653,Emlyn,Prosch,eproschi4@360.cn
654,Lorenzo,O'Spillane,lospillanei5@chicagotribune.com
655,Eunice,Sealove,esealovei6@elpais.com
656,Darb,Crossthwaite,dcrossthwaitei7@msn.com
657,Gunther,Burkman,gburkmani8@blog.com
658,Niki,Hekkert,nhekkerti9@plala.or.jp
659,Tomkin,Newcome,tnewcomeia@github.com
660,Zechariah,Prester,zpresterib@illinois.edu
661,Salvatore,Tutill,stutillic@bigcartel.com
662,Gunter,Crampsey,gcrampseyid@is.gd
663,Bren,Malt,bmaltie@tripadvisor.com
664,Westley,Caplen,wcaplenif@eepurl.com
665,Randa,Loosemore,rloosemoreig@list-manage.com
666,Lilian,Capini,lcapiniih@nbcnews.com
667,Bax,Lytell,blytellii@jiathis.com
668,Zeke,Oxbie,zoxbieij@hud.gov
669,Denney,Punter,dpunterik@edublogs.org
670,Norton,Gaunt,ngauntil@cocolog-nifty.com
671,Lennard,Garahan,lgarahanim@canalblog.com
672,Saraann,Franscioni,sfranscioniin@oracle.com
673,Alexis,Hamlyn,ahamlynio@zimbio.com
674,Elissa,Abramof,eabramofip@addtoany.com
675,Celine,Nowell,cnowelliq@ovh.net
676,Melina,Bessant,mbessantir@technorati.com
677,Drugi,Connar,dconnaris@devhub.com
678,Hilly,Edworthie,hedworthieit@cmu.edu
679,Alyssa,Paradine,aparadineiu@hostgator.com
680,Matty,Guest,mguestiv@apache.org
681,Paxton,Lindegard,plindegardiw@berkeley.edu
682,Lacee,Cornock,lcornockix@weather.com
683,Ebenezer,Mogie,emogieiy@netscape.com
684,Nat,Skill,nskilliz@sina.com.cn
685,Deeyn,Powder,dpowderj0@fc2.com
686,Elisha,Dovey,edoveyj1@cafepress.com
687,Raynard,Dickings,rdickingsj2@miitbeian.gov.cn
688,Torry,Malden,tmaldenj3@columbia.edu
689,Cariotta,Giannoni,cgiannonij4@symantec.com
690,Lavina,McNeilley,lmcneilleyj5@friendfeed.com
691,Callean,Sherreard,csherreardj6@miibeian.gov.cn
692,Allister,Corson,acorsonj7@kickstarter.com
693,Keane,Burnitt,kburnittj8@liveinternet.ru
694,Turner,Leavesley,tleavesleyj9@etsy.com
695,Roma,Kestian,rkestianja@cargocollective.com
696,Philippa,Trevett,ptrevettjb@ibm.com
697,Ferguson,Tiffany,ftiffanyjc@photobucket.com
698,Kinny,Tomlett,ktomlettjd@eventbrite.com
699,Jacky,Cossar,jcossarje@china.com.cn
700,Emilie,Sheere,esheerejf@google.com.au
701,Peirce,Gouinlock,pgouinlockjg@creativecommons.org
702,Mei,Anstey,mansteyjh@bluehost.com
703,Zaneta,Aronov,zaronovji@google.it
704,Andra,Iiannoni,aiiannonijj@narod.ru
705,Sigvard,Keyden,skeydenjk@xrea.com
706,Morly,Swaisland,mswaislandjl@twitpic.com
707,Chev,Pollicote,cpollicotejm@bbb.org
708,Crichton,Skirrow,cskirrowjn@msu.edu
709,Julina,Gammidge,jgammidgejo@eepurl.com
710,Anthiathia,Bealton,abealtonjp@vkontakte.ru
711,Cahra,Burnand,cburnandjq@google.ca
712,Mikkel,Caslin,mcaslinjr@mysql.com
713,Cordell,Matuszinski,cmatuszinskijs@chron.com
714,Bella,Boyse,bboysejt@liveinternet.ru
715,Serena,Paridge,sparidgeju@over-blog.com
716,Dita,Sigward,dsigwardjv@smugmug.com
717,Edna,Dunsmuir,edunsmuirjw@baidu.com
718,Ellsworth,Padly,epadlyjx@t-online.de
719,Amelita,Bengefield,abengefieldjy@spotify.com
720,Karil,Knocker,kknockerjz@twitter.com
721,Nancy,Lummasana,nlummasanak0@icq.com
722,Mabel,Goundsy,mgoundsyk1@businesswire.com
723,Dominique,Scoines,dscoinesk2@npr.org
724,Pooh,Byrcher,pbyrcherk3@vkontakte.ru
725,Miranda,Belt,mbeltk4@tiny.cc
726,Celina,Lembcke,clembckek5@latimes.com
727,Leon,Hubbocks,lhubbocksk6@opensource.org
728,Antonin,Mc Queen,amcqueenk7@seesaa.net
729,Huntley,Piggot,hpiggotk8@si.edu
730,Raina,Meach,rmeachk9@usgs.gov
731,Standford,Pridie,spridieka@dion.ne.jp
732,Dorry,Wrinch,dwrinchkb@yahoo.co.jp
733,Korey,Swires,kswireskc@delicious.com
734,Kendricks,Christall,kchristallkd@state.tx.us
735,Elsworth,McCullough,emcculloughke@tuttocitta.it
736,Honey,Olford,holfordkf@vistaprint.com
737,Feodor,Secretan,fsecretankg@senate.gov
738,Reyna,St Clair,rstclairkh@friendfeed.com
739,Anna-diana,Domleo,adomleoki@google.es
740,Ronnie,Tilson,rtilsonkj@webs.com
741,Robena,Perelli,rperellikk@thetimes.co.uk
742,Maryann,Simao,msimaokl@deviantart.com
743,Bobbie,Mesnard,bmesnardkm@eepurl.com
744,Tasia,Dessent,tdessentkn@zdnet.com
745,Katuscha,McGannon,kmcgannonko@ucla.edu
746,Natalina,Pinder,npinderkp@discovery.com
747,Janith,Braim,jbraimkq@admin.ch
748,Madelin,Aspy,maspykr@xinhuanet.com
749,Ellyn,Burdess,eburdessks@vinaora.com
750,Duffie,Telford,dtelfordkt@cam.ac.uk
751,Ashlin,Hinchcliffe,ahinchcliffeku@hatena.ne.jp
752,Raimundo,Mettetal,rmettetalkv@yahoo.co.jp
753,Jacquie,Laxton,jlaxtonkw@twitpic.com
754,Beck,Diviney,bdivineykx@google.co.jp
755,Cort,Torpie,ctorpieky@biglobe.ne.jp
756,Pablo,Hallgate,phallgatekz@dedecms.com
757,Ichabod,Corkell,icorkelll0@tinyurl.com
758,Clement,Corradeschi,ccorradeschil1@globo.com
759,Teddie,Rennels,trennelsl2@hatena.ne.jp
760,Desmund,Huckster,dhucksterl3@oracle.com
761,Anette,Greenstreet,agreenstreetl4@mediafire.com
762,Eugine,Piotr,epiotrl5@symantec.com
763,Fifi,Bowdidge,fbowdidgel6@whitehouse.gov
764,Patrizia,Syversen,psyversenl7@friendfeed.com
765,Maje,Pawellek,mpawellekl8@oaic.gov.au
766,Janean,Gritton,jgrittonl9@wisc.edu
767,Munmro,Scirman,mscirmanla@theguardian.com
768,Jarrid,Bryan,jbryanlb@imdb.com
769,Clementius,Tutsell,ctutselllc@purevolume.com
770,Carmon,Morgans,cmorgansld@cloudflare.com
771,Claude,Lynskey,clynskeyle@google.pl
772,Hasheem,Pyrton,hpyrtonlf@spiegel.de
773,Brandise,Meegin,bmeeginlg@tinypic.com
774,Jacquelyn,Humphrey,jhumphreylh@jigsy.com
775,Gerick,Goulstone,ggoulstoneli@pagesperso-orange.fr
776,Ode,Jepps,ojeppslj@ucoz.ru
777,Abelard,Proffitt,aproffittlk@usgs.gov
778,Bary,Llopis,bllopisll@mlb.com
779,Brewer,Craw,bcrawlm@live.com
780,Morganne,Pieroni,mpieroniln@1und1.de
781,Polly,Sinkings,psinkingslo@answers.com
782,Marthena,Boatman,mboatmanlp@spotify.com
783,Wilie,Straughan,wstraughanlq@so-net.ne.jp
784,Nari,Potes,npoteslr@reference.com
785,Piper,Lowseley,plowseleyls@studiopress.com
786,Christiane,Herculeson,cherculesonlt@nyu.edu
787,Duky,Bedenham,dbedenhamlu@columbia.edu
788,Jasen,Hess,jhesslv@house.gov
789,Gunilla,Fillimore,gfillimorelw@networkadvertising.org
790,Teena,Tenaunt,ttenauntlx@elegantthemes.com
791,Lanna,Crane,lcranely@upenn.edu
792,Hewie,Duchesne,hduchesnelz@arizona.edu
793,Lucais,Scutchin,lscutchinm0@google.nl
794,Shirline,Brushfield,sbrushfieldm1@feedburner.com
795,Gabriel,MacCallester,gmaccallesterm2@tinyurl.com
796,Cornall,Breede,cbreedem3@woothemes.com
797,Gwenette,Jephson,gjephsonm4@e-recht24.de
798,Bonny,Andrivot,bandrivotm5@marketwatch.com
799,Marcia,Hammerich,mhammerichm6@telegraph.co.uk
800,Myrtle,Fend,mfendm7@wufoo.com
801,Margarita,Rivilis,mrivilism8@1688.com
802,Laraine,Downey,ldowneym9@umich.edu
803,Monika,Goldhill,mgoldhillma@epa.gov
804,Francesco,Bushill,fbushillmb@free.fr
805,Melonie,Summerlie,msummerliemc@tripadvisor.com
806,Melosa,Whorlton,mwhorltonmd@sciencedaily.com
807,Siobhan,Estabrook,sestabrookme@multiply.com
808,Armin,Culbert,aculbertmf@slashdot.org
809,Sheffy,Flay,sflaymg@desdev.cn
810,Wanids,Ainsworth,wainsworthmh@ucla.edu
811,Kellina,Dingate,kdingatemi@ow.ly
812,Thorpe,Palfreeman,tpalfreemanmj@dyndns.org
813,Ada,Dellenbrook,adellenbrookmk@independent.co.uk
814,Darrick,Duffrie,dduffrieml@digg.com
815,Cyndi,McNeil,cmcneilmm@fema.gov
816,Tedi,Cogle,tcoglemn@state.gov
817,Susette,Note,snotemo@shinystat.com
818,Barthel,MacRorie,bmacroriemp@digg.com
819,Will,Hanbury-Brown,whanburybrownmq@independent.co.uk
820,Verney,Gurrado,vgurradomr@sohu.com
821,Ruggiero,Meehan,rmeehanms@cocolog-nifty.com
822,Michelle,Jentzsch,mjentzschmt@homestead.com
823,Clyve,Wharmby,cwharmbymu@boston.com
824,Ardra,Hayles,ahaylesmv@latimes.com
825,Jennie,Ogdahl,jogdahlmw@dmoz.org
826,Bartram,Gaiter,bgaitermx@ezinearticles.com
827,Link,Pinchen,lpinchenmy@mit.edu
828,Cinderella,Ambrogioli,cambrogiolimz@opera.com
829,Reeta,Castano,rcastanon0@sciencedirect.com
830,Lucretia,Arnecke,larnecken1@sun.com
831,Meyer,Waterhous,mwaterhousn2@google.ru
832,Yuri,Ennew,yennewn3@archive.org
833,Chelsie,Copcutt,ccopcuttn4@bravesites.com
834,Billie,Wressell,bwresselln5@dion.ne.jp
835,Louis,Bolus,lbolusn6@springer.com
836,Daffy,Strachan,dstrachann7@nifty.com
837,Adey,Longega,alongegan8@qq.com
838,Emmalynne,Sams,esamsn9@joomla.org
839,Lacee,Braunroth,lbraunrothna@nytimes.com
840,Giraldo,Hardiman,ghardimannb@wikimedia.org
841,Estevan,Mac Giany,emacgianync@nytimes.com
842,Jay,Stollenwerck,jstollenwercknd@scribd.com
843,Constantia,Braunle,cbraunlene@so-net.ne.jp
844,Brietta,Filipczak,bfilipczaknf@mail.ru
845,Alethea,Crampton,acramptonng@tinypic.com
846,Lucy,Willans,lwillansnh@paypal.com
847,Daryl,Vardey,dvardeyni@ted.com
848,Stuart,Fesby,sfesbynj@adobe.com
849,Ted,Tribbeck,ttribbecknk@uol.com.br
850,Quinn,Sumshon,qsumshonnl@nymag.com
851,Gar,Eles,gelesnm@de.vu
852,Marje,Aggus,maggusnn@paginegialle.it
853,Celie,Crinidge,ccrinidgeno@redcross.org
854,Crystie,Bradnum,cbradnumnp@ebay.com
855,Dianne,Tames,dtamesnq@sfgate.com
856,Clarine,Pessolt,cpessoltnr@miibeian.gov.cn
857,Bendite,Clousley,bclousleyns@photobucket.com
858,Garvey,Hartles,ghartlesnt@buzzfeed.com
859,Essy,Ludlow,eludlownu@artisteer.com
860,Paolina,O' Loughran,poloughrannv@uiuc.edu
861,Woodie,Trussman,wtrussmannw@sourceforge.net
862,Marianne,Trevaskus,mtrevaskusnx@hexun.com
863,Bobbie,Varsey,bvarseyny@columbia.edu
864,Susannah,Noades,snoadesnz@pcworld.com
865,Louie,Poznan,lpoznano0@accuweather.com
866,Tana,Mant,tmanto1@cornell.edu
867,Dan,Parysiak,dparysiako2@ihg.com
868,Courtenay,Mouse,cmouseo3@gravatar.com
869,Katharine,Robbs,krobbso4@blog.com
870,Miguelita,Sutterby,msutterbyo5@mtv.com
871,Dell,Kinnerk,dkinnerko6@slashdot.org
872,Antoine,Morteo,amorteoo7@i2i.jp
873,Arlana,Karpe,akarpeo8@vkontakte.ru
874,Melinde,Ollander,mollandero9@bloglovin.com
875,Jacquetta,Bowlands,jbowlandsoa@census.gov
876,Olwen,Brereton,obreretonob@europa.eu
877,Marcelline,Pursehouse,mpursehouseoc@tripod.com
878,Arabel,Scudamore,ascudamoreod@nifty.com
879,Lavinie,Larvent,llarventoe@slashdot.org
880,Kelly,Kuhne,kkuhneof@omniture.com
881,Gawen,Bardnam,gbardnamog@eventbrite.com
882,Wilburt,Maddin,wmaddinoh@wikia.com
883,Carlo,McAtamney,cmcatamneyoi@oracle.com
884,Tiler,Greenshields,tgreenshieldsoj@etsy.com
885,Peggi,Purveys,ppurveysok@addtoany.com
886,Jobie,Padgham,jpadghamol@last.fm
887,Sinclair,Reihm,sreihmom@symantec.com
888,Joyous,Atchly,jatchlyon@weebly.com
889,Cletus,Quadri,cquadrioo@dedecms.com
890,Riki,Garrals,rgarralsop@yandex.ru
891,Renae,Kirgan,rkirganoq@businesswire.com
892,Julianna,Bisp,jbispor@independent.co.uk
893,Dulcia,Simanek,dsimanekos@gnu.org
894,Heath,Colicot,hcolicotot@xinhuanet.com
895,Dael,Denne,ddenneou@blogger.com
896,Cathrin,Delgado,cdelgadoov@bloomberg.com
897,Addie,Bilovus,abilovusow@samsung.com
898,Dillon,Jeffes,djeffesox@pbs.org
899,Modesta,Hale,mhaleoy@cargocollective.com
900,Jourdain,Apps,jappsoz@ed.gov
901,Chere,O'Mailey,comaileyp0@ezinearticles.com
902,Bartolomeo,MacKeague,bmackeaguep1@hexun.com
903,Werner,Markwell,wmarkwellp2@squarespace.com
904,Roch,Dadds,rdaddsp3@goodreads.com
905,Tuckie,Wilman,twilmanp4@dedecms.com
906,Catie,Britto,cbrittop5@adobe.com
907,Kellia,Ackeroyd,kackeroydp6@columbia.edu
908,Boycie,Ghent,bghentp7@nature.com
909,Alwin,Bush,abushp8@gnu.org
910,Carissa,Buessen,cbuessenp9@youku.com
911,Tracey,Mintoft,tmintoftpa@elpais.com
912,Petey,Housden,phousdenpb@cafepress.com
913,Clare,Bucke,cbuckepc@netlog.com
914,Amandie,Abercrombie,aabercrombiepd@scientificamerican.com
915,Corri,Kender,ckenderpe@prweb.com
916,Abramo,Ennor,aennorpf@drupal.org
917,Tiffany,Kornacki,tkornackipg@ibm.com
918,Debbie,Sandlin,dsandlinph@sitemeter.com
919,Denna,Tucknott,dtucknottpi@nasa.gov
920,Valene,Papierz,vpapierzpj@simplemachines.org
921,Moselle,Mergue,mmerguepk@google.com.au
922,Timmie,Garret,tgarretpl@geocities.jp
923,Maegan,LaBastida,mlabastidapm@rediff.com
924,Eli,Vedmore,evedmorepn@cafepress.com
925,Cookie,Tomsa,ctomsapo@wired.com
926,Marleen,Hevey,mheveypp@delicious.com
927,Carey,Tytler,ctytlerpq@netscape.com
928,Crystal,Gittose,cgittosepr@psu.edu
929,Sally,Bampkin,sbampkinps@cyberchimps.com
930,Clemmie,Montez,cmontezpt@ning.com
931,Ozzie,Ferrier,oferrierpu@mediafire.com
932,Rosamund,Vignaux,rvignauxpv@ftc.gov
933,Julianna,Garshore,jgarshorepw@php.net
934,Raphael,Skurm,rskurmpx@fda.gov
935,Lydon,Brant,lbrantpy@twitpic.com
936,Griselda,Grishagin,ggrishaginpz@technorati.com
937,Malia,Berger,mbergerq0@merriam-webster.com
938,Reinaldo,Exton,rextonq1@usda.gov
939,Faustine,Kyme,fkymeq2@chronoengine.com
940,Ingrid,Jobke,ijobkeq3@google.co.jp
941,Daffi,Chamberlin,dchamberlinq4@ucoz.com
942,Bryon,Donisi,bdonisiq5@i2i.jp
943,Ki,Herculson,kherculsonq6@sohu.com
944,Tades,Sher,tsherq7@slideshare.net
945,Herold,Calway,hcalwayq8@addtoany.com
946,Zacherie,Stoving,zstovingq9@webnode.com
947,Wolfie,Hamson,whamsonqa@home.pl
948,Emlynn,Silversmid,esilversmidqb@mayoclinic.com
949,Binny,Garbett,bgarbettqc@simplemachines.org
950,Lari,Doiley,ldoileyqd@t.co
951,Angie,Tipler,atiplerqe@prnewswire.com
952,Devlin,Praton,dpratonqf@epa.gov
953,Sawyere,Baradel,sbaradelqg@slideshare.net
954,Merrel,Baldry,mbaldryqh@webnode.com
955,Bonnibelle,Kyngdon,bkyngdonqi@nps.gov
956,Gennifer,Ferroli,gferroliqj@plala.or.jp
957,Carling,Gotcliff,cgotcliffqk@bloomberg.com
958,Annnora,Coom,acoomql@shop-pro.jp
959,Matthew,Demann,mdemannqm@miitbeian.gov.cn
960,Angil,Duley,aduleyqn@de.vu
961,Raffaello,Hibbart,rhibbartqo@senate.gov
962,Sheilah,Sturm,ssturmqp@cdc.gov
963,Corey,Pally,cpallyqq@networkadvertising.org
964,Nissa,Tonge,ntongeqr@bing.com
965,Shena,Firsby,sfirsbyqs@zdnet.com
966,Ky,Luchelli,kluchelliqt@freewebs.com
967,Fiann,Turvie,fturviequ@diigo.com
968,Mar,Dockrill,mdockrillqv@intel.com
969,Ninon,Bartalot,nbartalotqw@fotki.com
970,Ola,Cords,ocordsqx@netscape.com
971,Aguie,Weildish,aweildishqy@wikipedia.org
972,Shantee,Caslake,scaslakeqz@booking.com
973,Dorian,Randal,drandalr0@smh.com.au
974,Noll,Humphery,nhumpheryr1@apple.com
975,Agna,Campione,acampioner2@ucoz.ru
976,Raddie,Motten,rmottenr3@prweb.com
977,Welsh,Sketch,wsketchr4@princeton.edu
978,Leighton,Sidney,lsidneyr5@archive.org
979,Lila,Paskins,lpaskinsr6@php.net
980,Mariellen,Keasy,mkeasyr7@dagondesign.com
981,Emelyne,Garfirth,egarfirthr8@1688.com
982,Demetris,Hoggan,dhogganr9@imageshack.us
983,Gabriele,Pallister,gpallisterra@discovery.com
984,Remington,Kingzet,rkingzetrb@psu.edu
985,Prisca,Strasse,pstrasserc@quantcast.com
986,Naoma,Antonik,nantonikrd@flickr.com
987,Turner,Kerfoot,tkerfootre@tiny.cc
988,Blinni,Slatten,bslattenrf@woothemes.com
989,Kipp,Chew,kchewrg@cnet.com
990,Kit,O' Finan,kofinanrh@de.vu
991,Sissy,Ruddy,sruddyri@msu.edu
992,Walton,Jeves,wjevesrj@cloudflare.com
993,Zechariah,Hatton,zhattonrk@latimes.com
994,Prinz,McNiff,pmcniffrl@joomla.org
995,Roxi,Arnison,rarnisonrm@issuu.com
996,Gareth,Rolf,grolfrn@wikimedia.org
997,Alvinia,Blaver,ablaverro@parallels.com
998,Griswold,Arpino,garpinorp@lulu.com
999,Luelle,Nolte,lnolterq@merriam-webster.com
1000,Fidelia,Greguol,fgreguolrr@livejournal.com
1001,hojat,,
